State,Action,Objective 0,Objective 1
0.0,1.0,1.9312,2.2544
0.0,1.0,1.9305,2.2551
0.0,1.0,1.9317,2.2539
0.0,1.0,1.9301,2.2555
0.0,1.0,1.9308,2.2548
0.0,1.0,1.9325,2.2531
0.0,1.0,1.9324,2.2532
0.0,1.0,1.932,2.2536
0.0,1.0,1.9313,2.2543
0.0,1.0,1.9304,2.2552
0.0,1.0,1.9332,2.2524
0.0,1.0,1.9309,2.2547
0.0,1.0,1.93,2.2556
0.0,1.0,1.9328,2.2528
0.0,1.0,1.9316,2.254
0.0,1.0,1.9329,2.2527
0.0,1.0,1.9321,2.2535
0.0,1.0,1.9306,2.2549
0.0,1.0,1.931,2.2545
0.0,1.0,1.9296,2.2559
0.0,1.0,1.9340000000000002,2.2515
0.0,1.0,1.9336,2.2519
0.0,1.0,1.9326,2.2529
0.0,1.0,1.9302,2.2553
0.0,1.0,1.933,2.2525
0.0,1.0,1.9314,2.2541
0.0,1.0,1.9293,2.2562
0.0,1.0,1.9298,2.2557
0.0,1.0,1.9333,2.2522
0.0,1.0,1.9335,2.252
0.0,1.0,1.9339,2.2516
0.0,1.0,1.9295,2.256
0.0,1.0,1.9341,2.2514
0.0,1.0,1.9318,2.2537
0.0,1.0,1.9297,2.2558
0.0,1.0,1.9337,2.2518
0.0,1.0,1.9322,2.2533
0.0,1.0,1.9345,2.2509
0.0,1.0,1.9347,2.2507
0.0,1.0,1.9288,2.2566
0.0,1.0,1.929,2.2564
0.0,1.0,1.9349,2.2505
0.0,1.0,1.9348,2.2506
0.0,1.0,1.9343,2.2511
0.0,1.0,1.9344,2.251
0.0,1.0,1.9346,2.2508
0.0,1.0,1.9289,2.2565
0.0,1.0,1.9291,2.2563
0.0,1.0,1.9342,2.2512
0.0,1.0,1.9285,2.2568
0.0,1.0,1.935,2.2503
0.0,1.0,1.9286,2.2567
0.0,1.0,1.9946,2.168
0.0,1.0,1.9947,2.1673
0.0,1.0,1.995,2.1668
0.0,1.0,2.0832,1.8566
0.0,1.0,2.0833,1.8549
0.0,1.0,2.0842,1.8361
0.0,1.0,2.0847,1.8343
0.0,1.0,2.0848,1.8317
0.0,1.0,2.0853,1.8297
0.0,1.0,2.0859,1.8247
0.0,1.0,2.0859,1.8243
0.0,1.0,2.0862,1.8214
0.0,1.0,2.0863,1.8199
0.0,1.0,2.0866,1.8179
0.0,1.0,2.0867,1.8159999999999998
0.0,1.0,2.0869999999999997,1.8131
0.0,1.0,2.0869999999999997,1.8119
0.0,1.0,2.0873,1.8097
0.0,1.0,2.0874,1.808
0.0,1.0,2.0878,1.8035
0.0,1.0,2.088,1.8016
0.0,1.0,2.0881,1.7996
0.0,1.0,2.0885,1.7953
0.0,1.0,2.0885,1.7925
0.0,1.0,2.0888,1.7897
0.0,1.0,2.0889,1.7883
0.0,1.0,2.0889,1.7877
0.0,1.0,2.0891,1.7859
0.0,1.0,2.0892,1.7852
0.0,1.0,2.0893,1.7845
0.0,1.0,2.0894,1.7830000000000001
0.0,1.0,2.0895,1.7819999999999998
0.0,1.0,2.0895,1.7814
0.0,1.0,2.0897,1.7796
0.0,1.0,2.0898,1.7783
0.0,1.0,2.0898,1.7779
0.0,1.0,2.0901,1.7757
0.0,1.0,2.0902,1.7738
0.0,1.0,2.0902,1.7735
0.0,1.0,2.0905,1.7719999999999998
0.0,1.0,2.0906,1.7692
0.0,1.0,2.0906,1.7689
0.0,1.0,2.0908,1.7675
0.0,1.0,2.0909999999999997,1.7638
0.0,1.0,2.0909999999999997,1.7637
0.0,1.0,2.0909999999999997,1.7623
0.0,1.0,2.0913,1.76
0.0,1.0,2.0913,1.7598
0.0,1.0,2.0913,1.7592
0.0,1.0,2.0913,1.7581
0.0,1.0,2.0915,1.7565
0.0,1.0,2.0915,1.7559
0.0,1.0,2.0915,1.7557
0.0,1.0,2.0915,1.7553
0.0,1.0,2.0916,1.7551
0.0,1.0,2.0916,1.7547
0.0,1.0,2.0916,1.7546
0.0,1.0,2.0916,1.7545
0.0,1.0,2.0916,1.754
0.0,1.0,2.0916,1.7539
1.0,1.0,1.9714,2.2486
1.0,1.0,1.9754,2.2446
1.0,1.0,1.9718,2.2482
1.0,1.0,1.975,2.245
1.0,1.0,1.9726,2.2474
1.0,1.0,1.9698,2.2502
1.0,1.0,1.969,2.251
1.0,1.0,1.9709999999999999,2.249
1.0,1.0,1.9738,2.2462
1.0,1.0,1.9722,2.2478
1.0,1.0,1.9742,2.2458
1.0,1.0,1.9734,2.2466
1.0,1.0,1.9702,2.2498
1.0,1.0,1.9694,2.2506
1.0,1.0,1.9706,2.2494
1.0,1.0,1.973,2.247
1.0,1.0,1.9746,2.2454
1.0,1.0,1.9719,2.248
1.0,1.0,1.97,2.2499
1.0,1.0,1.9712,2.2487
1.0,1.0,1.9695,2.2504
1.0,1.0,1.9703,2.2496
1.0,1.0,1.9748,2.2451
1.0,1.0,1.9728,2.2471
1.0,1.0,1.9704,2.2495
1.0,1.0,1.9699,2.25
1.0,1.0,1.9724,2.2475
1.0,1.0,1.9755,2.2444
1.0,1.0,1.9743,2.2456
1.0,1.0,1.9708,2.2491
1.0,1.0,1.9739,2.246
1.0,1.0,1.9744,2.2455
1.0,1.0,1.974,2.2459
1.0,1.0,1.9758,2.2441
1.0,1.0,1.9735,2.2464
1.0,1.0,1.972,2.2479
1.0,1.0,1.9692,2.2507
1.0,1.0,1.9696,2.2503
1.0,1.0,1.9757,2.2442
1.0,1.0,1.9723,2.2476
1.0,1.0,1.9716,2.2483
1.0,1.0,1.9751,2.2448
1.0,1.0,1.9731,2.2468
1.0,1.0,1.9752,2.2447
1.0,1.0,1.9715,2.2484
1.0,1.0,1.9707,2.2492
1.0,1.0,1.9711,2.2488
1.0,1.0,1.9756,2.2443
1.0,1.0,1.9732,2.2467
1.0,1.0,1.9747,2.2452
1.0,1.0,1.9691,2.2508
1.0,1.0,1.9736,2.2463
1.0,1.0,1.9727,2.2472
1.0,1.0,1.9687,2.2511
1.0,1.0,1.9686,2.2512
1.0,1.0,2.1038,1.9699
1.0,1.0,2.1037,1.97
1.0,1.0,2.1039,1.9674
1.0,1.0,2.1183,1.9509999999999998
1.0,1.0,2.1202,1.9488
1.0,1.0,2.12,1.949
1.0,1.0,2.1203,1.9484
1.0,1.0,2.1205,1.9481
1.0,1.0,2.1206,1.9479
1.0,0.0,2.1636,1.749
1.0,0.0,2.202,1.7071
1.0,0.0,2.206,1.7025
1.0,0.0,2.175,1.7298
1.0,0.0,2.1705,1.7316
1.0,0.0,2.2178,1.6645
1.0,0.0,2.2437,1.6019
1.0,0.0,2.2188,1.6185
1.0,0.0,2.2596,1.5632
1.0,0.0,2.2595,1.5632
1.0,0.0,2.2603,1.5599
1.0,0.0,2.2603,1.5596
1.0,0.0,2.2605,1.5583
1.0,0.0,2.2606,1.5576
1.0,0.0,2.2606,1.5575
1.0,0.0,2.2605,1.5575
1.0,0.0,2.2606,1.5567
1.0,0.0,2.2607,1.5563
1.0,0.0,2.2608,1.5561
1.0,0.0,2.2607,1.5561
1.0,0.0,2.2609,1.554
1.0,0.0,2.2609,1.5539
1.0,0.0,2.261,1.5534
1.0,0.0,2.2609,1.5534
1.0,0.0,2.261,1.5531
1.0,0.0,2.2609,1.5532
1.0,0.0,2.2611,1.5524
1.0,0.0,2.2611,1.5523
1.0,0.0,2.2611,1.5522
1.0,0.0,2.2611,1.5519999999999998
1.0,0.0,2.2611,1.5519
1.0,0.0,2.2611,1.5518
1.0,0.0,2.2611,1.5517
1.0,0.0,2.2611,1.5516
1.0,0.0,2.2611,1.5515
1.0,0.0,2.2612,1.5514
1.0,0.0,2.2612,1.5512
1.0,0.0,2.2612,1.5511
1.0,0.0,2.2612,1.551
2.0,1.0,2.0123,2.2265
2.0,1.0,2.015,2.2238
2.0,1.0,2.0129,2.2259
2.0,1.0,2.0146,2.2242
2.0,1.0,2.0121,2.2267
2.0,1.0,2.0125,2.2263
2.0,1.0,2.0142,2.2246
2.0,1.0,2.0127,2.2261
2.0,1.0,2.0118,2.227
2.0,1.0,2.0145,2.2243
2.0,1.0,2.0141,2.2247
2.0,1.0,2.0138,2.225
2.0,1.0,2.0122,2.2266
2.0,1.0,2.0151,2.2237
2.0,1.0,2.0143,2.2245
2.0,1.0,2.0126,2.2262
2.0,1.0,2.0149,2.2239
2.0,1.0,2.013,2.2258
2.0,1.0,2.0117,2.2271
2.0,1.0,2.0155,2.2233
2.0,1.0,2.0131,2.2257
2.0,1.0,2.0119,2.2269
2.0,1.0,2.0147,2.2241
2.0,1.0,2.0135,2.2253
2.0,1.0,2.0137,2.2251
2.0,1.0,2.0154,2.2234
2.0,1.0,2.0139,2.2249
2.0,1.0,2.0133,2.2255
2.0,1.0,2.0153,2.2235
2.0,1.0,2.0134,2.2254
2.0,1.0,2.0115,2.2272
2.0,1.0,2.0156,2.2231
2.0,1.0,2.0113,2.2274
2.0,1.0,2.0114,2.2273
2.0,1.0,2.0164,2.2223
2.0,1.0,2.0159,2.2228
2.0,1.0,2.0158,2.2229
2.0,1.0,2.0111,2.2276
2.0,1.0,2.0165,2.2222
2.0,1.0,2.016,2.2227
2.0,1.0,2.0112,2.2275
2.0,1.0,2.0162,2.2225
2.0,1.0,2.0163,2.2224
2.0,1.0,2.0157,2.2230000000000003
2.0,1.0,2.0161,2.2226
2.0,1.0,2.0168,2.2218
2.0,1.0,2.0109,2.2277
2.0,1.0,2.0166,2.222
2.0,1.0,2.0167,2.2219
2.0,1.0,2.0171,2.2215
2.0,1.0,2.1268,2.035
2.0,1.0,2.1265,2.0347
2.0,1.0,2.1275,2.0311
2.0,1.0,2.128,2.0297
2.0,1.0,2.1287,2.0284
2.0,1.0,2.129,2.0267
2.0,1.0,2.1298,2.0235
2.0,1.0,2.1308,2.0202
2.0,1.0,2.1314,2.0169
2.0,1.0,2.1319999999999997,2.008
2.0,1.0,2.1371,1.9952
2.0,1.0,2.1363,1.9959
2.0,1.0,2.1362,1.9959
2.0,1.0,2.1382,1.9924
2.0,1.0,2.1386,1.99
2.0,1.0,2.1395,1.9873
2.0,1.0,2.1421,1.9811
2.0,1.0,2.1415,1.9815
2.0,1.0,2.1446,1.9781
2.0,1.0,2.1456,1.9766
2.0,1.0,2.1463,1.9727
2.0,1.0,2.1475,1.9684
2.0,1.0,2.1479,1.9649
2.0,1.0,2.1487,1.9591
2.0,1.0,2.1495,1.9491
2.0,1.0,2.1633,1.9194
2.0,1.0,2.1651,1.9106
2.0,1.0,2.1654,1.9071
2.0,1.0,2.1727,1.8939
2.0,1.0,2.1739,1.8847
2.0,1.0,2.1748,1.8738
2.0,1.0,2.1758,1.8597
2.0,1.0,2.1771,1.8507
2.0,1.0,2.1775,1.8433
2.0,1.0,2.178,1.8361
2.0,1.0,2.18,1.8094
2.0,1.0,2.181,1.8006
2.0,1.0,2.1818,1.7894
2.0,1.0,2.1823,1.7824
2.0,1.0,2.1827,1.7776
2.0,1.0,2.1835,1.7725
2.0,1.0,2.1836,1.77
2.0,1.0,2.184,1.7662
2.0,1.0,2.1842,1.7644
2.0,1.0,2.1844,1.7619
2.0,1.0,2.1844,1.7615
2.0,1.0,2.1846,1.7602
2.0,1.0,2.1846,1.7599
2.0,1.0,2.1847,1.7589
2.0,1.0,2.1848,1.7578
2.0,1.0,2.1849,1.7565
2.0,1.0,2.1848,1.7565
2.0,1.0,2.185,1.755
2.0,1.0,2.185,1.7548
2.0,1.0,2.1851,1.7544
2.0,1.0,2.1852,1.7526
2.0,1.0,2.1852,1.7521
2.0,1.0,2.1853,1.7513
2.0,1.0,2.1853,1.75
2.0,1.0,2.1853,1.7498
2.0,1.0,2.1854,1.7495
2.0,1.0,2.1855,1.7486
2.0,1.0,2.1855,1.7483
2.0,1.0,2.1854,1.7483
2.0,1.0,2.1855,1.7479
2.0,1.0,2.1855,1.7474
2.0,1.0,2.1855,1.7472
2.0,1.0,2.1855,1.7469
2.0,1.0,2.1855,1.7467
2.0,1.0,2.1855,1.7464
2.0,1.0,2.1856,1.7462
2.0,1.0,2.1856,1.7459
2.0,1.0,2.1856,1.7456
2.0,1.0,2.1856,1.7452
2.0,1.0,2.1857,1.7449
2.0,1.0,2.1856,1.7449
2.0,1.0,2.1858,1.7437
2.0,1.0,2.1858,1.7434
2.0,1.0,2.1858,1.7431
2.0,1.0,2.1859,1.7427
2.0,1.0,2.1858,1.7428
2.0,1.0,2.1859,1.7426
2.0,1.0,2.1858,1.7427
3.0,1.0,1.5959,2.4471
3.0,1.0,1.5944,2.4486
3.0,1.0,1.5939,2.4491
3.0,1.0,1.5952,2.4478
3.0,1.0,1.5953,2.4477
3.0,1.0,1.5925,2.4505
3.0,1.0,1.5962,2.4468
3.0,1.0,1.5938,2.4492
3.0,1.0,1.594,2.449
3.0,1.0,1.5922,2.4508
3.0,1.0,1.5930000000000002,2.45
3.0,1.0,1.5935,2.4495
3.0,1.0,1.5927,2.4503
3.0,1.0,1.5947,2.4483
3.0,1.0,1.5948,2.4482
3.0,1.0,1.5943,2.4487
3.0,1.0,1.5945,2.4485
3.0,1.0,1.5964,2.4466
3.0,1.0,1.5929,2.4501
3.0,1.0,1.595,2.448
3.0,1.0,1.5969,2.4461
3.0,1.0,1.5928,2.4502
3.0,1.0,1.5919999999999999,2.451
3.0,1.0,1.5949,2.4481
3.0,1.0,1.5933,2.4497
3.0,1.0,1.5946,2.4484
3.0,1.0,1.5967,2.4463
3.0,1.0,1.5954,2.4476
3.0,1.0,1.5932,2.4498
3.0,1.0,1.5921,2.4509
3.0,1.0,1.5926,2.4504
3.0,1.0,1.5968,2.4462
3.0,1.0,1.5931,2.4499
3.0,1.0,1.5934,2.4496
3.0,1.0,1.5941,2.4489
3.0,1.0,1.5963,2.4467
3.0,1.0,1.5924,2.4506
3.0,1.0,1.5951,2.4479
3.0,1.0,1.5956,2.4474
3.0,1.0,1.5923,2.4507
3.0,1.0,1.5959999999999999,2.447
3.0,1.0,1.5961,2.4469
3.0,1.0,1.5937,2.4493
3.0,1.0,1.5942,2.4488
3.0,1.0,1.5966,2.4464
3.0,1.0,1.5958,2.4472
3.0,1.0,1.5965,2.4465
3.0,1.0,1.5955,2.4475
3.0,1.0,1.5957,2.4473
3.0,1.0,1.5936,2.4494
3.0,1.0,1.5971,2.4458
3.0,1.0,1.597,2.4459
3.0,1.0,1.5972,2.4457
3.0,1.0,1.5917,2.4512
3.0,1.0,1.5914,2.4515
3.0,1.0,1.5918,2.4511
3.0,1.0,1.5915,2.4514
3.0,1.0,1.5916,2.4513
3.0,1.0,1.5973,2.4455
3.0,1.0,1.5912,2.4516
3.0,1.0,1.5974,2.4454
3.0,1.0,1.7072,2.3157
3.0,1.0,1.6948,2.3281
3.0,1.0,1.7049,2.318
3.0,1.0,1.7033,2.3196
3.0,1.0,1.7076,2.3153
3.0,1.0,1.6923,2.3306
3.0,1.0,1.7032,2.3197
3.0,1.0,1.7063,2.3166
3.0,1.0,1.706,2.3169
3.0,1.0,1.6952,2.3277
3.0,1.0,1.695,2.3278
3.0,1.0,1.7064,2.3164
3.0,1.0,1.7077,2.315
3.0,1.0,1.6953,2.3274
3.0,1.0,1.7078,2.3149
3.0,1.0,1.7079,2.3148
3.0,1.0,1.6991,2.3212
3.0,1.0,1.6968,2.3235
3.0,1.0,1.6987,2.3216
3.0,1.0,1.6972,2.3231
3.0,1.0,1.6966,2.3237
3.0,1.0,1.6976,2.3227
3.0,1.0,1.6974,2.3229
3.0,1.0,1.6978,2.3225
3.0,1.0,1.6964,2.3239
3.0,1.0,1.6996,2.3207
3.0,1.0,1.6994,2.3209
3.0,1.0,1.6975,2.3228
3.0,1.0,1.699,2.3213
3.0,1.0,1.6980000000000002,2.3223
3.0,1.0,1.6986,2.3217
3.0,1.0,1.6983,2.322
3.0,1.0,1.6992,2.3211
3.0,1.0,1.6967,2.3236
3.0,1.0,1.6963,2.324
3.0,1.0,1.6979,2.3224
3.0,1.0,1.6969999999999998,2.3233
3.0,1.0,1.6984,2.3219
3.0,1.0,1.6982,2.3221
3.0,1.0,1.6962,2.3241
3.0,1.0,1.6971,2.3232
3.0,1.0,1.6988,2.3215
3.0,1.0,1.7495,2.2337
3.0,1.0,1.7364,2.2468
3.0,1.0,1.7357,2.2475
3.0,1.0,1.7365,2.2467
3.0,1.0,1.7364,2.2467
3.0,1.0,1.7488,2.2343
3.0,1.0,1.7354,2.2477
3.0,1.0,1.7482,2.2349
3.0,1.0,1.7485,2.2346
3.0,1.0,1.7371,2.2459
3.0,1.0,1.7368,2.2462
3.0,1.0,1.7497,2.2329
3.0,1.0,1.7498,2.2322
3.0,1.0,1.7883,2.0707
3.0,1.0,1.7866,2.0724
3.0,1.0,1.7884,2.0705
3.0,1.0,1.7853,2.0735
3.0,1.0,1.7869,2.0719
3.0,1.0,1.7849,2.0738
3.0,1.0,1.7899,2.0668
3.0,1.0,1.7909,2.0653
3.0,1.0,1.7923,2.0638
3.0,1.0,1.7905,2.0656
3.0,1.0,1.7935,2.0625
3.0,1.0,1.7928,2.0632
3.0,1.0,1.7947,2.0594
3.0,1.0,1.7951,2.0561
3.0,1.0,1.8007,2.0285
3.0,1.0,1.8011,2.0281
3.0,1.0,1.8022,2.0243
3.0,1.0,1.8056,2.0208
3.0,1.0,1.8068,2.0195
3.0,1.0,1.8073,2.0166
3.0,1.0,1.8312,1.9880000000000002
3.0,1.0,1.8318,1.9851
3.0,1.0,1.8319,1.9831
3.0,1.0,1.8324,1.9795
3.0,1.0,1.8438,1.9452
3.0,1.0,1.844,1.9424
3.0,1.0,1.8446,1.9399
3.0,1.0,1.8446,1.9391
3.0,1.0,1.8449,1.9362
3.0,1.0,1.8452,1.9313
3.0,1.0,1.8477,1.8994
3.0,1.0,1.8482,1.8966
3.0,1.0,1.8487,1.8925
3.0,1.0,1.8489,1.8889
3.0,1.0,1.8493,1.8839
3.0,0.0,1.8533,1.7512
3.0,0.0,1.8553,1.7269999999999999
3.0,0.0,1.8571,1.7059
3.0,0.0,1.8589,1.6956
3.0,0.0,1.8674,1.6681
3.0,0.0,1.8609,1.6717
3.0,0.0,1.8685,1.6607
3.0,0.0,1.8694,1.645
3.0,0.0,1.8699,1.6419
3.0,0.0,1.8702,1.6402
3.0,0.0,1.8703,1.64
3.0,0.0,1.8703,1.6393
3.0,0.0,1.8703,1.6391
3.0,0.0,1.8706,1.6362
3.0,0.0,1.8706,1.636
3.0,0.0,1.8707,1.6356
3.0,0.0,1.8706,1.6356
3.0,0.0,1.8709,1.6331
3.0,0.0,1.871,1.6326
3.0,0.0,1.871,1.6325
3.0,0.0,1.871,1.6324
3.0,0.0,1.871,1.6323
3.0,0.0,1.8711,1.6303
3.0,0.0,1.8711,1.63
3.0,0.0,1.8711,1.6298
3.0,0.0,1.8711,1.6297
3.0,0.0,1.8711,1.6293
3.0,0.0,1.8711,1.6292
3.0,0.0,1.8713,1.6272
3.0,0.0,1.8714,1.6267
3.0,0.0,1.8714,1.6265
3.0,0.0,1.8714,1.6263
3.0,0.0,1.8714,1.6259
3.0,0.0,1.8714,1.6258
3.0,0.0,1.8714,1.6257
3.0,0.0,1.8714,1.6255
4.0,0.0,2.5232,2.1390000000000002
4.0,0.0,2.5225,2.1397
4.0,0.0,2.5213,2.1409
4.0,0.0,2.5248,2.1374
4.0,0.0,2.5221,2.1401
4.0,0.0,2.5249,2.1373
4.0,0.0,2.5236,2.1386
4.0,0.0,2.5216,2.1406
4.0,0.0,2.5252,2.137
4.0,0.0,2.524,2.1382
4.0,0.0,2.5245,2.1377
4.0,0.0,2.5217,2.1405
4.0,0.0,2.5212,2.141
4.0,0.0,2.5257,2.1365
4.0,0.0,2.5224,2.1398
4.0,0.0,2.526,2.1362
4.0,0.0,2.5253,2.1369
4.0,0.0,2.5241,2.1381
4.0,0.0,2.5229,2.1393
4.0,0.0,2.5233,2.1389
4.0,0.0,2.5209,2.1413
4.0,0.0,2.5228,2.1394
4.0,0.0,2.5261,2.1361
4.0,0.0,2.5244,2.1378
4.0,0.0,2.5237,2.1385
4.0,0.0,2.5256,2.1366
4.0,0.0,2.522,2.1402
4.0,0.0,2.5267,2.1354
4.0,0.0,2.523,2.1391
4.0,0.0,2.5268,2.1353
4.0,0.0,2.5222,2.1399
4.0,0.0,2.5207,2.1414
4.0,0.0,2.5263,2.1358
4.0,0.0,2.5238,2.1383
4.0,0.0,2.5272,2.1349
4.0,0.0,2.5242,2.1379
4.0,0.0,2.5269,2.1352
4.0,0.0,2.5226,2.1395
4.0,0.0,2.525,2.1371
4.0,0.0,2.5234,2.1387
4.0,0.0,2.5246,2.1375
4.0,0.0,2.5264,2.1357
4.0,0.0,2.5265,2.1356
4.0,0.0,2.5254,2.1367
4.0,0.0,2.5214,2.1407
4.0,0.0,2.5273,2.1348
4.0,0.0,2.5218,2.1403
4.0,0.0,2.521,2.1411
4.0,0.0,2.5271,2.135
4.0,0.0,2.5258,2.1363
4.0,0.0,2.5277,2.1343
4.0,0.0,2.5278,2.1342
4.0,0.0,2.5274,2.1346
4.0,0.0,2.5276,2.1344
4.0,0.0,2.5279,2.1341
4.0,0.0,2.5275,2.1345
4.0,0.0,2.5204,2.1415
4.0,0.0,2.5308,2.1296
4.0,0.0,2.5285,2.1319
4.0,0.0,2.5283,2.1321
4.0,0.0,2.5304,2.13
4.0,0.0,2.5307,2.1297
4.0,0.0,2.5297,2.1307
4.0,0.0,2.5303,2.1301
4.0,0.0,2.5293,2.1311
4.0,0.0,2.5288,2.1316
4.0,0.0,2.5313,2.1291
4.0,0.0,2.528,2.1324
4.0,0.0,2.5305,2.1299
4.0,0.0,2.5292,2.1312
4.0,0.0,2.5301,2.1303
4.0,0.0,2.5282,2.1322
4.0,0.0,2.5309,2.1295
4.0,0.0,2.531,2.1294
4.0,0.0,2.5306,2.1298
4.0,0.0,2.5299,2.1305
4.0,0.0,2.5295,2.1309
4.0,0.0,2.529,2.1314
4.0,0.0,2.5287,2.1317
4.0,0.0,2.5289,2.1315
4.0,0.0,2.5286,2.1318
4.0,0.0,2.5312,2.1292
4.0,0.0,2.5316,2.1288
4.0,0.0,2.5291,2.1313
4.0,0.0,2.5311,2.1293
4.0,0.0,2.5314,2.129
4.0,0.0,2.5315,2.1289
4.0,0.0,2.5296,2.1308
4.0,0.0,2.5298,2.1306
4.0,0.0,2.5281,2.1323
4.0,0.0,2.5284,2.1319999999999997
4.0,0.0,2.53,2.1304
4.0,0.0,2.5317,2.1287
4.0,0.0,2.5302,2.1302
4.0,0.0,2.5294,2.131
4.0,0.0,2.5323,2.128
4.0,0.0,2.5327,2.1276
4.0,0.0,2.5325,2.1278
4.0,0.0,2.5329,2.1274
4.0,0.0,2.5333,2.127
4.0,0.0,2.5319,2.1284
4.0,0.0,2.5321,2.1282
4.0,0.0,2.5324,2.1279
4.0,0.0,2.5326,2.1277
4.0,0.0,2.532,2.1283
4.0,0.0,2.5328,2.1275
4.0,0.0,2.5322,2.1281
4.0,0.0,2.5318,2.1285
4.0,0.0,2.533,2.1272
4.0,0.0,2.5334,2.1268
4.0,0.0,2.5336,2.1266
4.0,0.0,2.5331,2.1271
4.0,0.0,2.5337,2.1265
4.0,0.0,2.6317,1.9678
4.0,0.0,2.6695,1.8514
4.0,0.0,2.6701,1.8445
4.0,0.0,2.6830000000000003,1.8253
4.0,0.0,2.6823,1.8244
4.0,0.0,2.6856,1.8182
4.0,0.0,2.6860000000000004,1.8165
4.0,0.0,2.6861,1.8158
4.0,0.0,2.6862,1.8142
4.0,0.0,2.6864,1.8132
4.0,0.0,2.6866,1.8111
4.0,0.0,2.6868,1.8097
4.0,0.0,2.6869,1.8081
4.0,0.0,2.6871,1.8046
4.0,0.0,2.7056,1.7798
4.0,0.0,2.7062,1.7775
4.0,0.0,2.7062,1.7771
4.0,0.0,2.7064,1.7763
4.0,0.0,2.7064,1.7762
4.0,0.0,2.7064,1.7759
4.0,0.0,2.7066,1.7746
4.0,0.0,2.7066,1.7742
4.0,0.0,2.7066,1.774
4.0,0.0,2.7068,1.7733
4.0,0.0,2.7067,1.7733
4.0,0.0,2.7068,1.7731
4.0,0.0,2.7069,1.7725
4.0,0.0,2.7067,1.7726
4.0,0.0,2.707,1.771
4.0,0.0,2.7071,1.7702
4.0,0.0,2.7071,1.7701
4.0,0.0,2.7071,1.7698
4.0,0.0,2.7072,1.7687
4.0,0.0,2.7072,1.7685
4.0,0.0,2.7073,1.7681
4.0,0.0,2.7073,1.767
4.0,0.0,2.7073,1.7667
4.0,0.0,2.7075,1.7656
4.0,0.0,2.7075,1.7646
4.0,0.0,2.7075,1.7645
4.0,0.0,2.7077,1.7632
4.0,0.0,2.7077,1.7625
4.0,0.0,2.7077,1.7624
4.0,0.0,2.7077,1.7622
4.0,0.0,2.7077,1.7618
4.0,0.0,2.7077,1.7615
4.0,0.0,2.7077,1.7612
4.0,0.0,2.7077,1.7609
4.0,0.0,2.7077,1.7608
5.0,0.0,1.9652,1.6654
5.0,0.0,1.9656,1.665
5.0,0.0,1.966,1.6646
5.0,0.0,1.964,1.6666
5.0,0.0,1.9672,1.6634
5.0,0.0,1.9680000000000002,1.6626
5.0,0.0,1.9648,1.6658
5.0,0.0,1.9668,1.6638
5.0,0.0,1.9676,1.663
5.0,0.0,1.9664,1.6642
5.0,0.0,1.9644,1.6662
5.0,0.0,1.9684,1.6622
5.0,0.0,1.9661,1.6644
5.0,0.0,1.9636,1.6669
5.0,0.0,1.9665,1.6640000000000001
5.0,0.0,1.9681,1.6624
5.0,0.0,1.9653,1.6652
5.0,0.0,1.9657,1.6648
5.0,0.0,1.965,1.6655
5.0,0.0,1.9691,1.6614
5.0,0.0,1.9674,1.6631
5.0,0.0,1.9677,1.6628
5.0,0.0,1.9673,1.6632
5.0,0.0,1.9678,1.6627
5.0,0.0,1.9669,1.6636
5.0,0.0,1.9688,1.6617
5.0,0.0,1.9654,1.6651
5.0,0.0,1.9682,1.6623
5.0,0.0,1.9637,1.6668
5.0,0.0,1.9649,1.6656
5.0,0.0,1.9641,1.6664
5.0,0.0,1.9658,1.6647
5.0,0.0,1.9638,1.6667
5.0,0.0,1.9646,1.6659
5.0,0.0,1.9662,1.6643
5.0,0.0,1.9669999999999999,1.6635
5.0,0.0,1.9642,1.6663
5.0,0.0,1.9666,1.6639
5.0,0.0,1.9645,1.666
5.0,0.0,1.9687,1.6618
5.0,0.0,1.9635,1.6669999999999998
5.0,0.0,1.9692,1.6612
5.0,0.0,1.9689,1.6615
5.0,0.0,1.9633,1.6671
5.0,0.0,1.9685,1.6619
5.0,0.0,1.963,1.6674
5.0,0.0,1.9631,1.6673
5.0,0.0,1.9632,1.6672
5.0,0.0,1.9693,1.661
5.0,0.0,1.9697,1.6606
5.0,0.0,1.9628,1.6675
5.0,0.0,1.9695,1.6608
5.0,0.0,1.9696,1.6607
5.0,0.0,1.9694,1.6609
5.0,0.0,1.9698,1.6604
5.0,0.0,1.9699,1.6603
5.0,0.0,1.97,1.6602
5.0,0.0,1.9704,1.6598
5.0,0.0,1.9701,1.66
5.0,0.0,1.9702,1.6599
5.0,0.0,1.9705,1.6595
5.0,0.0,1.9749,1.6549
5.0,0.0,1.9772,1.6526
5.0,0.0,1.9771,1.6527
5.0,0.0,1.9769,1.6529
5.0,0.0,1.9753,1.6545
5.0,0.0,1.9758,1.6540000000000001
5.0,0.0,1.9773,1.6525
5.0,0.0,1.9752,1.6546
5.0,0.0,1.9775,1.6523
5.0,0.0,1.9755,1.6543
5.0,0.0,1.9774,1.6524
5.0,0.0,1.9754,1.6544
5.0,0.0,1.9751,1.6547
5.0,0.0,1.9748,1.655
5.0,0.0,1.975,1.6548
5.0,0.0,1.9743,1.6555
5.0,0.0,1.9766,1.6532
5.0,0.0,1.9746,1.6552
5.0,0.0,1.9756,1.6542
5.0,0.0,1.9741,1.6557
5.0,0.0,1.9744,1.6554
5.0,0.0,1.9757,1.6541
5.0,0.0,1.9759,1.6539
5.0,0.0,1.9764,1.6534
5.0,0.0,1.9761,1.6537
5.0,0.0,1.9747,1.6551
5.0,0.0,1.9776,1.6522
5.0,0.0,1.9765,1.6533
5.0,0.0,1.9763,1.6535
5.0,0.0,1.9768,1.653
5.0,0.0,1.976,1.6538
5.0,0.0,1.9769999999999999,1.6528
5.0,0.0,1.9767,1.6531
5.0,0.0,1.9762,1.6536
5.0,0.0,1.9745,1.6553
5.0,0.0,1.9742,1.6556
5.0,0.0,1.974,1.6558
5.0,0.0,1.9738,1.6559
5.0,0.0,1.9737,1.656
5.0,0.0,2.0784,1.5454
5.0,0.0,2.0772,1.5466
5.0,0.0,2.0792,1.5446
5.0,0.0,2.0768,1.547
5.0,0.0,2.0764,1.5474
5.0,0.0,2.0776,1.5462
5.0,0.0,2.0780000000000003,1.5458
5.0,0.0,2.0752,1.5486
5.0,0.0,2.0756,1.5482
5.0,0.0,2.0744,1.5494
5.0,0.0,2.076,1.5478
5.0,0.0,2.0788,1.545
5.0,0.0,2.0748,1.5490000000000002
5.0,0.0,2.0746,1.5491
5.0,0.0,2.0739,1.5498
5.0,0.0,2.0796,1.5441
5.0,0.0,2.075,1.5487
5.0,0.0,2.0754,1.5483
5.0,0.0,2.0781,1.5456
5.0,0.0,2.0769,1.5468
5.0,0.0,2.0777,1.546
5.0,0.0,2.0773,1.5464
5.0,0.0,2.079,1.5447
5.0,0.0,2.0758,1.5479
5.0,0.0,2.0762,1.5475
5.0,0.0,2.08,1.5437
5.0,0.0,2.0741,1.5496
5.0,0.0,2.0753,1.5484
5.0,0.0,2.0745,1.5492
5.0,0.0,2.0774,1.5463
5.0,0.0,2.074,1.5497
5.0,0.0,2.0795,1.5442
5.0,0.0,2.0761,1.5476
5.0,0.0,2.077,1.5467
5.0,0.0,2.0789,1.5448
5.0,0.0,2.0778,1.5459
5.0,0.0,2.0799,1.5438
5.0,0.0,2.0742,1.5495
5.0,0.0,2.0749,1.5488
5.0,0.0,2.0757,1.548
5.0,0.0,2.0785,1.5452
5.0,0.0,2.0782,1.5455
5.0,0.0,2.0766,1.5471
5.0,0.0,2.0786,1.5451
5.0,0.0,2.0765,1.5472
5.0,0.0,2.0735,1.5501
5.0,0.0,2.0737,1.5499
5.0,0.0,2.0802,1.5434
5.0,0.0,2.0803,1.5433
5.0,0.0,2.0793,1.5443
5.0,0.0,2.0797,1.5439
5.0,0.0,2.0736,1.55
5.0,0.0,2.0804,1.5432
5.0,0.0,2.0805,1.5430000000000001
5.0,0.0,2.0806,1.5429
5.0,0.0,2.0807,1.5427
5.0,0.0,2.0809,1.5425
5.0,0.0,2.0812,1.5422
5.0,0.0,2.081,1.5424
5.0,0.0,2.0808,1.5426
5.0,0.0,2.0815,1.5418
5.0,0.0,2.0816,1.5417
5.0,0.0,2.0813,1.5419
5.0,0.0,2.0849,1.5381
5.0,0.0,2.0847,1.5383
5.0,0.0,2.0868,1.5362
5.0,0.0,2.0853,1.5377
5.0,0.0,2.0877,1.5353
5.0,0.0,2.0844,1.5386
5.0,0.0,2.0875,1.5355
5.0,0.0,2.0878,1.5352
5.0,0.0,2.0855,1.5375
5.0,0.0,2.0819,1.5411
5.0,0.0,2.0874,1.5356
5.0,0.0,2.0854,1.5376
5.0,0.0,2.0846,1.5384
5.0,0.0,2.088,1.535
5.0,0.0,2.0852,1.5378
5.0,0.0,2.0888,1.5342
5.0,0.0,2.0817,1.5413
5.0,0.0,2.0871,1.5359
5.0,0.0,2.085,1.538
5.0,0.0,2.0859,1.5371
5.0,0.0,2.0867,1.5363
5.0,0.0,2.0861,1.5369
5.0,0.0,2.0873,1.5357
5.0,0.0,2.0851,1.5379
5.0,0.0,2.0882,1.5348
5.0,0.0,2.0876,1.5354
5.0,0.0,2.0863,1.5367
5.0,0.0,2.0848,1.5382
5.0,0.0,2.0872,1.5358
5.0,0.0,2.0869,1.5361
5.0,0.0,2.0857,1.5373
5.0,0.0,2.0884,1.5346
5.0,0.0,2.0865,1.5365
5.0,0.0,2.0856,1.5374
5.0,0.0,2.086,1.537
5.0,0.0,2.0845,1.5385
5.0,0.0,2.0869999999999997,1.536
5.0,0.0,2.082,1.541
5.0,0.0,2.0818,1.5412
5.0,0.0,2.0858,1.5372
5.0,0.0,2.0862,1.5368
5.0,0.0,2.0881,1.5349
5.0,0.0,2.0883,1.5347
5.0,0.0,2.0879,1.5351
5.0,0.0,2.0866,1.5364
5.0,0.0,2.0864,1.5366
5.0,0.0,2.0886,1.5343
5.0,0.0,2.0885,1.5344
5.0,0.0,2.0891,1.5336
5.0,0.0,2.0889,1.5338
5.0,0.0,2.089,1.5337
5.0,0.0,2.1411,1.4233
5.0,0.0,2.148,1.416
5.0,0.0,2.1482,1.4152
5.0,0.0,2.199,1.2742
5.0,0.0,2.1993,1.2692
5.0,0.0,2.1995,1.2613
5.0,0.0,2.2004,1.258
5.0,0.0,2.2008,1.2539
5.0,0.0,2.201,1.2512
5.0,0.0,2.2012,1.2488
5.0,0.0,2.2014,1.2455
5.0,0.0,2.2016,1.2434
5.0,0.0,2.1498,1.2943
5.0,0.0,2.2018,1.2398
5.0,0.0,2.2018,1.2389
5.0,0.0,2.202,1.237
5.0,0.0,2.202,1.2364
5.0,0.0,2.202,1.2362
5.0,0.0,2.2021,1.2348
5.0,0.0,2.2021,1.2347
5.0,0.0,2.2021,1.2346
5.0,0.0,2.2021,1.2345
6.0,0.0,1.6204,2.1655
6.0,0.0,1.62,2.1659
6.0,0.0,1.624,2.1619
6.0,0.0,1.6208,2.1651
6.0,0.0,1.618,2.1679
6.0,0.0,1.6188,2.1671
6.0,0.0,1.6219999999999999,2.1639
6.0,0.0,1.6232,2.1627
6.0,0.0,1.6184,2.1675
6.0,0.0,1.6224,2.1635
6.0,0.0,1.6216,2.1643
6.0,0.0,1.6192,2.1667
6.0,0.0,1.6228,2.1631
6.0,0.0,1.6212,2.1647
6.0,0.0,1.6196,2.1663
6.0,0.0,1.6236,2.1623
6.0,0.0,1.6244,2.1614
6.0,0.0,1.6194,2.1664
6.0,0.0,1.6189,2.1669
6.0,0.0,1.6201,2.1657
6.0,0.0,1.6230000000000002,2.1628
6.0,0.0,1.619,2.1668
6.0,0.0,1.6197,2.1661
6.0,0.0,1.6238,2.162
6.0,0.0,1.6234,2.1624
6.0,0.0,1.6221,2.1637
6.0,0.0,1.6214,2.1644
6.0,0.0,1.6205,2.1653
6.0,0.0,1.621,2.1648
6.0,0.0,1.6225,2.1633
6.0,0.0,1.6226,2.1632
6.0,0.0,1.6206,2.1652
6.0,0.0,1.6237,2.1621
6.0,0.0,1.6229,2.1629
6.0,0.0,1.6233,2.1625
6.0,0.0,1.6218,2.164
6.0,0.0,1.6181,2.1677
6.0,0.0,1.6217,2.1641
6.0,0.0,1.6222,2.1636
6.0,0.0,1.6198,2.166
6.0,0.0,1.6193,2.1665
6.0,0.0,1.6209,2.1649
6.0,0.0,1.6178,2.168
6.0,0.0,1.6182,2.1676
6.0,0.0,1.6202,2.1656
6.0,0.0,1.6241,2.1617
6.0,0.0,1.6213,2.1645
6.0,0.0,1.6185,2.1673
6.0,0.0,1.6243,2.1615
6.0,0.0,1.6186,2.1672
6.0,0.0,1.6246,2.1611
6.0,0.0,1.6176,2.1681
6.0,0.0,1.6247,2.1609
6.0,0.0,1.6280000000000001,2.1575
6.0,0.0,1.6265,2.1590000000000003
6.0,0.0,1.6282,2.1573
6.0,0.0,1.6261,2.1594
6.0,0.0,1.6277,2.1578
6.0,0.0,1.6287,2.1568
6.0,0.0,1.6281,2.1574
6.0,0.0,1.6256,2.1599
6.0,0.0,1.6251,2.1604
6.0,0.0,1.6295,2.156
6.0,0.0,1.6266,2.1589
6.0,0.0,1.6271,2.1584
6.0,0.0,1.6285,2.157
6.0,0.0,1.6286,2.1569
6.0,0.0,1.6276,2.1579
6.0,0.0,1.6291,2.1564
6.0,0.0,1.6296,2.1559
6.0,0.0,1.6254,2.1601
6.0,0.0,1.6248,2.1607
6.0,0.0,1.6279,2.1576
6.0,0.0,1.6272,2.1583
6.0,0.0,1.6283,2.1572
6.0,0.0,1.6292,2.1563
6.0,0.0,1.6263,2.1592
6.0,0.0,1.6293,2.1562
6.0,0.0,1.6278,2.1577
6.0,0.0,1.6259,2.1596
6.0,0.0,1.6288,2.1567
6.0,0.0,1.6253,2.1602
6.0,0.0,1.6268,2.1587
6.0,0.0,1.6297,2.1558
6.0,0.0,1.6273,2.1582
6.0,0.0,1.626,2.1595
6.0,0.0,1.6284,2.1571
6.0,0.0,1.6269999999999998,2.1585
6.0,0.0,1.6257,2.1598
6.0,0.0,1.6255,2.16
6.0,0.0,1.6294,2.1561
6.0,0.0,1.6289,2.1566
6.0,0.0,1.6267,2.1588
6.0,0.0,1.625,2.1605
6.0,0.0,1.6262,2.1593
6.0,0.0,1.6274,2.1581
6.0,0.0,1.6275,2.158
6.0,0.0,1.629,2.1565
6.0,0.0,1.6269,2.1586
6.0,0.0,1.6249,2.1606
6.0,0.0,1.6252,2.1603
6.0,0.0,1.6264,2.1591
6.0,0.0,1.6258,2.1597
6.0,0.0,1.6299,2.1555
6.0,0.0,1.63,2.1554
6.0,0.0,1.6298,2.1556
6.0,0.0,1.7231,2.0464
6.0,0.0,1.7228,2.0467
6.0,0.0,1.6991,2.0704
6.0,0.0,1.7004,2.0691
6.0,0.0,1.7262,2.0433
6.0,0.0,1.7005,2.069
6.0,0.0,1.702,2.0675
6.0,0.0,1.7237,2.0458
6.0,0.0,1.7019,2.0676
6.0,0.0,1.6999,2.0696
6.0,0.0,1.7009999999999998,2.0685
6.0,0.0,1.6994,2.0701
6.0,0.0,1.7022,2.0672
6.0,0.0,1.6996,2.0698
6.0,0.0,1.7016,2.0678
6.0,0.0,1.7247,2.0447
6.0,0.0,1.7014,2.068
6.0,0.0,1.7023,2.0671
6.0,0.0,1.7015,2.0679
6.0,0.0,1.7025,2.0667
6.0,0.0,1.7264,2.0427
6.0,0.0,1.7027,2.0663
6.0,0.0,1.7467,1.9955
6.0,0.0,1.7447,1.9975
6.0,0.0,1.7441,1.9980000000000002
6.0,0.0,1.745,1.9971
6.0,0.0,1.7480000000000002,1.9941
6.0,0.0,1.7458,1.9963
6.0,0.0,1.7481,1.994
6.0,0.0,1.7478,1.9943
6.0,0.0,1.7444,1.9977
6.0,0.0,1.7469999999999999,1.9951
6.0,0.0,1.7473,1.9948
6.0,0.0,1.7474,1.9947
6.0,0.0,1.7465,1.9956
6.0,0.0,1.7464,1.9957
6.0,0.0,1.7433,1.9988
6.0,0.0,1.7436,1.9985
6.0,0.0,1.746,1.9961
6.0,0.0,1.7469,1.9952
6.0,0.0,1.7452,1.9968
6.0,0.0,1.7485,1.9935
6.0,0.0,1.7488,1.9932
6.0,0.0,1.7484,1.9936
6.0,0.0,1.7496,1.9923
6.0,0.0,1.7492,1.9927
6.0,0.0,1.7519999999999998,1.9899
6.0,0.0,1.7513,1.9905
6.0,0.0,1.7531,1.9887
6.0,0.0,1.7504,1.9914
6.0,0.0,1.7292,2.0126
6.0,0.0,1.7524,1.9894
6.0,0.0,1.7502,1.9916
6.0,0.0,1.7517,1.9901
6.0,0.0,1.749,1.9928
6.0,0.0,1.7498,1.992
6.0,0.0,1.7536,1.9882
6.0,0.0,1.7537,1.9881
6.0,0.0,1.7539,1.9879
6.0,0.0,1.7522,1.9896
6.0,0.0,1.7509,1.9909
6.0,0.0,1.7284,2.0134
6.0,0.0,1.751,1.9908
6.0,0.0,1.7267,2.0151
6.0,0.0,1.7269,2.0148
6.0,0.0,1.7281,2.0136
6.0,0.0,1.7276,2.0141
6.0,0.0,1.7285,2.0132
6.0,0.0,1.7288,2.0129
6.0,0.0,1.754,1.9877
6.0,0.0,1.7289,2.0128
6.0,0.0,1.7269999999999999,2.0147
6.0,0.0,1.8392,1.7283
6.0,1.0,1.8847,1.3675
6.0,1.0,1.8486,1.3869
6.0,1.0,1.8863,1.3144
6.0,1.0,1.9127,1.2813
6.0,1.0,1.9197,1.2694
6.0,1.0,1.9135,1.2752
6.0,1.0,1.921,1.2646
6.0,1.0,1.9211,1.264
6.0,1.0,1.9218,1.2597
6.0,1.0,1.9221,1.2582
6.0,1.0,1.9224,1.2567
6.0,1.0,1.9232,1.2501
6.0,1.0,1.9232,1.2497
6.0,1.0,1.9234,1.249
6.0,1.0,1.9237,1.2453
6.0,1.0,1.9236,1.2452
6.0,1.0,1.9238,1.2437
6.0,1.0,1.9240000000000002,1.2393
6.0,1.0,1.9240000000000002,1.2386
6.0,1.0,1.9240000000000002,1.2385
6.0,1.0,1.9242,1.2373
6.0,1.0,1.9242,1.2366
6.0,1.0,1.9244,1.2342
6.0,1.0,1.9244,1.2337
6.0,1.0,1.9244,1.2336
6.0,1.0,1.9244,1.2335
6.0,1.0,1.9244,1.2334
6.0,1.0,1.9244,1.2329
6.0,1.0,1.9244,1.2328
6.0,1.0,1.9246,1.2312
6.0,1.0,1.9246,1.2307
6.0,1.0,1.9247,1.2295
6.0,1.0,1.9247,1.2294
6.0,1.0,1.9247,1.2293
6.0,1.0,1.9247,1.2292
6.0,1.0,1.9247,1.2291
6.0,1.0,1.9247,1.229
6.0,1.0,1.9247,1.2289
6.0,1.0,1.9247,1.2288
6.0,1.0,1.9247,1.2287
6.0,1.0,1.9248,1.2278
6.0,1.0,1.9248,1.2277
6.0,1.0,1.9248,1.2276
6.0,1.0,1.9248,1.2275
6.0,1.0,1.9248,1.2273
6.0,1.0,1.9248,1.2272
6.0,1.0,1.9248,1.2271
6.0,1.0,1.9248,1.2268
6.0,1.0,1.9248,1.2267
6.0,1.0,1.9248,1.2266
7.0,0.0,1.8229,1.9636
7.0,0.0,1.8212,1.9653
7.0,0.0,1.8237,1.9628
7.0,0.0,1.8213,1.9652
7.0,0.0,1.8228,1.9637
7.0,0.0,1.8233,1.9632
7.0,0.0,1.8252,1.9613
7.0,0.0,1.8196,1.9669
7.0,0.0,1.8201,1.9664
7.0,0.0,1.8216,1.9649
7.0,0.0,1.8197,1.9668
7.0,0.0,1.8221,1.9644
7.0,0.0,1.8236,1.9629
7.0,0.0,1.8249,1.9616
7.0,0.0,1.8241,1.9624
7.0,0.0,1.8217,1.9648
7.0,0.0,1.8253,1.9612
7.0,0.0,1.8232,1.9633
7.0,0.0,1.82,1.9665
7.0,0.0,1.8205,1.966
7.0,0.0,1.8225,1.964
7.0,0.0,1.8244,1.9621
7.0,0.0,1.8248,1.9617
7.0,0.0,1.824,1.9625
7.0,0.0,1.8245,1.962
7.0,0.0,1.8204,1.9661
7.0,0.0,1.8209,1.9656
7.0,0.0,1.8224,1.9641
7.0,0.0,1.8208,1.9657
7.0,0.0,1.8219999999999998,1.9645
7.0,0.0,1.8257,1.9607
7.0,0.0,1.8230000000000002,1.9634
7.0,0.0,1.8193,1.9671
7.0,0.0,1.8238,1.9626
7.0,0.0,1.825,1.9614
7.0,0.0,1.8202,1.9662
7.0,0.0,1.8256,1.9608
7.0,0.0,1.8255,1.9609
7.0,0.0,1.8242,1.9622
7.0,0.0,1.8261,1.9603
7.0,0.0,1.8218,1.9646
7.0,0.0,1.8214,1.965
7.0,0.0,1.8264,1.96
7.0,0.0,1.8226,1.9638
7.0,0.0,1.8192,1.9672
7.0,0.0,1.8191,1.9673
7.0,0.0,1.821,1.9654
7.0,0.0,1.8206,1.9658
7.0,0.0,1.8263,1.9601
7.0,0.0,1.8259,1.9605
7.0,0.0,1.8234,1.963
7.0,0.0,1.8222,1.9642
7.0,0.0,1.8246,1.9618
7.0,0.0,1.8198,1.9666
7.0,0.0,1.8259999999999998,1.9604
7.0,0.0,1.8194,1.9669999999999999
7.0,0.0,1.8265,1.9598
7.0,1.0,2.1033,1.6661
7.0,1.0,2.1044,1.665
7.0,1.0,2.1061,1.6633
7.0,1.0,2.1024,1.6669999999999998
7.0,1.0,2.1067,1.6626
7.0,1.0,2.1072,1.6621
7.0,1.0,2.1065,1.6628
7.0,1.0,2.1059,1.6634
7.0,1.0,2.1013,1.6680000000000001
7.0,1.0,2.1015,1.6678
7.0,1.0,2.1063,1.663
7.0,1.0,2.1069,1.6624
7.0,1.0,2.1074,1.6619
7.0,1.0,2.1055,1.6638
7.0,1.0,2.1064,1.6629
7.0,1.0,2.1068,1.6625
7.0,1.0,2.1066,1.6627
7.0,1.0,2.1069999999999998,1.6623
7.0,1.0,2.106,1.6633
7.0,1.0,2.1014,1.6679
7.0,1.0,2.1073,1.662
7.0,1.0,2.1071,1.6622
7.0,1.0,2.1011,1.6681
7.0,1.0,2.1078,1.6614
7.0,1.0,2.1076,1.6616
7.0,1.0,2.1079,1.6613
7.0,1.0,2.1075,1.6617
7.0,1.0,2.1077,1.6615
7.0,1.0,2.1082,1.6609
7.0,1.0,2.1083,1.6608
7.0,1.0,2.1081,1.6609
7.0,1.0,2.108,1.661
7.0,1.0,2.1089,1.6593
7.0,1.0,2.1084,1.6598
7.0,1.0,2.1086,1.6596
7.0,1.0,2.1085,1.6597
7.0,1.0,2.1087,1.6595
7.0,1.0,2.1088,1.6593
7.0,1.0,2.1087,1.6594
7.0,1.0,2.1291,1.6161
7.0,1.0,2.1288,1.6164
7.0,1.0,2.1305,1.6147
7.0,1.0,2.1293,1.6159
7.0,1.0,2.1311,1.6141
7.0,1.0,2.1303,1.6149
7.0,1.0,2.1286,1.6166
7.0,1.0,2.1309,1.6143
7.0,1.0,2.1307,1.6145
7.0,1.0,2.1299,1.6153
7.0,1.0,2.129,1.6162
7.0,1.0,2.1295,1.6157
7.0,1.0,2.1297,1.6155
7.0,1.0,2.1301,1.6151
7.0,1.0,2.1294,1.6158
7.0,1.0,2.1289,1.6163
7.0,1.0,2.1302,1.615
7.0,1.0,2.1287,1.6165
7.0,1.0,2.1306,1.6146
7.0,1.0,2.1315,1.6137
7.0,1.0,2.1296,1.6156
7.0,1.0,2.1283,1.6169
7.0,1.0,2.1292,1.6159999999999999
7.0,1.0,2.1308,1.6144
7.0,1.0,2.1298,1.6154
7.0,1.0,2.1304,1.6148
7.0,1.0,2.1319,1.6133
7.0,1.0,2.13,1.6152
7.0,1.0,2.1283,1.6168
7.0,1.0,2.1284,1.6167
7.0,1.0,2.1312,1.6139
7.0,1.0,2.1279,1.6172
7.0,1.0,2.1316,1.6135
7.0,1.0,2.1314,1.6137
7.0,1.0,2.1281,1.617
7.0,1.0,2.128,1.6171
7.0,1.0,2.1278,1.6173
7.0,1.0,2.1322,1.6129
7.0,1.0,2.1323,1.6128
7.0,1.0,2.1317,1.6134
7.0,1.0,2.1315,1.6136
7.0,1.0,2.1313,1.6138
7.0,1.0,2.1282,1.6169
7.0,1.0,2.1324,1.6126
7.0,1.0,2.1319999999999997,1.6130000000000002
7.0,1.0,2.1321,1.6129
7.0,1.0,2.1328,1.6121
7.0,1.0,2.1326,1.6123
7.0,1.0,2.1327,1.6122
7.0,1.0,2.1325,1.6124
7.0,1.0,2.2492,1.3627
7.0,1.0,2.2731,1.3234
7.0,1.0,2.2733,1.3216
7.0,1.0,2.2734,1.321
7.0,1.0,2.2737,1.3201
7.0,1.0,2.2738,1.3197
7.0,1.0,2.2739,1.319
7.0,1.0,2.274,1.3181
7.0,1.0,2.2741,1.3175
7.0,1.0,2.2743,1.3162
7.0,1.0,2.2744,1.3147
7.0,1.0,2.2746,1.3129
7.0,1.0,2.2747,1.3096
7.0,1.0,2.2748,1.3074
7.0,1.0,2.2749,1.3062
7.0,1.0,2.2749,1.306
8.0,0.0,2.1674,1.9551
8.0,0.0,2.1678,1.9547
8.0,0.0,2.1646,1.9579
8.0,0.0,2.1658,1.9567
8.0,0.0,2.1654,1.9571
8.0,0.0,2.165,1.9575
8.0,0.0,2.167,1.9555
8.0,0.0,2.1662,1.9563
8.0,0.0,2.1666,1.9559
8.0,0.0,2.1655,1.9569
8.0,0.0,2.1676,1.9548
8.0,0.0,2.1634,1.959
8.0,0.0,2.1672,1.9552
8.0,0.0,2.1633,1.9591
8.0,0.0,2.1638,1.9586
8.0,0.0,2.1668,1.9556
8.0,0.0,2.1641,1.9583
8.0,0.0,2.1675,1.9549
8.0,0.0,2.1682,1.9542
8.0,0.0,2.1667,1.9557
8.0,0.0,2.1656,1.9568
8.0,0.0,2.1681,1.9543
8.0,0.0,2.169,1.9534
8.0,0.0,2.1651,1.9573
8.0,0.0,2.1686,1.9538
8.0,0.0,2.1685,1.9539
8.0,0.0,2.1637,1.9587
8.0,0.0,2.166,1.9564
8.0,0.0,2.1689,1.9535
8.0,0.0,2.1659,1.9565
8.0,0.0,2.1664,1.956
8.0,0.0,2.1652,1.9572
8.0,0.0,2.1663,1.9561
8.0,0.0,2.1671,1.9553
8.0,0.0,2.1647,1.9577
8.0,0.0,2.1642,1.9582
8.0,0.0,2.1691,1.9532
8.0,0.0,2.1639,1.9584
8.0,0.0,2.1679,1.9544
8.0,0.0,2.1704,1.9519
8.0,0.0,2.1694,1.9529
8.0,0.0,2.17,1.9523
8.0,0.0,2.1697,1.9526
8.0,0.0,2.1687,1.9536
8.0,0.0,2.1693,1.953
8.0,0.0,2.1635,1.9588
8.0,0.0,2.1698,1.9525
8.0,0.0,2.1696,1.9527
8.0,0.0,2.1683,1.954
8.0,0.0,2.1701,1.9522
8.0,0.0,2.1692,1.9531
8.0,0.0,2.1702,1.9521
8.0,0.0,2.1643,1.9580000000000002
8.0,0.0,2.1705,1.9518
8.0,0.0,2.1707,1.9515
8.0,0.0,2.1706,1.9516
8.0,0.0,2.1708,1.9513
8.0,0.0,2.1629,1.9592
8.0,0.0,2.2554,1.8222
8.0,0.0,2.2552,1.8223
8.0,0.0,2.2547,1.8227
8.0,0.0,2.255,1.8224
8.0,0.0,2.261,1.8163
8.0,0.0,2.2558,1.8215
8.0,0.0,2.2616,1.8155
8.0,0.0,2.2626,1.8145
8.0,0.0,2.2624,1.8147
8.0,0.0,2.359,1.5642
8.0,0.0,2.3595,1.5609
8.0,0.0,2.3599,1.5566
8.0,0.0,2.3602,1.5509
8.0,0.0,2.3603,1.5495
8.0,0.0,2.3603,1.5467
8.0,0.0,2.3605,1.5456
8.0,0.0,2.3606,1.5441
8.0,0.0,2.3606,1.5433
8.0,0.0,2.3607,1.5422
8.0,0.0,2.3607,1.5414
8.0,0.0,2.3609999999999998,1.5393
8.0,0.0,2.3609999999999998,1.5390000000000001
8.0,0.0,2.3611,1.538
8.0,0.0,2.3612,1.5354
8.0,0.0,2.3612,1.5353
8.0,0.0,2.3612,1.5351
8.0,0.0,2.3612,1.5348
8.0,0.0,2.3612,1.5342
8.0,0.0,2.3612,1.534
8.0,0.0,2.3614,1.5333
8.0,0.0,2.3614,1.5332
8.0,0.0,2.3614,1.5327
8.0,0.0,2.3614,1.5326
8.0,0.0,2.3615,1.5317
8.0,0.0,2.3615,1.5315
9.0,0.0,2.4974,2.072
9.0,0.0,2.5031,2.0663
9.0,0.0,2.5005,2.0689
9.0,0.0,2.4976,2.0718
9.0,0.0,2.4978,2.0716
9.0,0.0,2.5009,2.0685
9.0,0.0,2.499,2.0704
9.0,0.0,2.4997,2.0697
9.0,0.0,2.5008,2.0686
9.0,0.0,2.4992,2.0702
9.0,0.0,2.4999,2.0695
9.0,0.0,2.5,2.0694
9.0,0.0,2.5027,2.0667
9.0,0.0,2.5029,2.0665
9.0,0.0,2.5003,2.0691
9.0,0.0,2.501,2.0684
9.0,0.0,2.5021,2.0673
9.0,0.0,2.5011,2.0683
9.0,0.0,2.498,2.0714
9.0,0.0,2.4982,2.0712
9.0,0.0,2.5019,2.0675
9.0,0.0,2.4991,2.0703
9.0,0.0,2.5025,2.0669
9.0,0.0,2.5004,2.069
9.0,0.0,2.4979,2.0715
9.0,0.0,2.5017,2.0677
9.0,0.0,2.5015,2.0679
9.0,0.0,2.5007,2.0687
9.0,0.0,2.4993,2.0701
9.0,0.0,2.4983,2.0711
9.0,0.0,2.5002,2.0692
9.0,0.0,2.5006,2.0688
9.0,0.0,2.4977,2.0717
9.0,0.0,2.4995,2.0699
9.0,0.0,2.5014,2.068
9.0,0.0,2.4985,2.0709
9.0,0.0,2.5032,2.0662
9.0,0.0,2.5012,2.0682
9.0,0.0,2.5022,2.0672
9.0,0.0,2.5028,2.0666
9.0,0.0,2.4984,2.0709999999999997
9.0,0.0,2.4988,2.0706
9.0,0.0,2.5024,2.0669999999999997
9.0,0.0,2.4994,2.07
9.0,0.0,2.4975,2.0719
9.0,0.0,2.502,2.0674
9.0,0.0,2.4989,2.0705
9.0,0.0,2.5001,2.0693
9.0,0.0,2.4998,2.0696
9.0,0.0,2.5013,2.0681
9.0,0.0,2.5016,2.0678
9.0,0.0,2.4986,2.0708
9.0,0.0,2.503,2.0664
9.0,0.0,2.4996,2.0698
9.0,0.0,2.4987,2.0707
9.0,0.0,2.5026,2.0668
9.0,0.0,2.4981,2.0713
9.0,0.0,2.5023,2.0671
9.0,0.0,2.5018,2.0676
9.0,0.0,2.504,2.0653
9.0,0.0,2.5039,2.0654
9.0,0.0,2.5035,2.0658
9.0,0.0,2.5044,2.0649
9.0,0.0,2.5036,2.0657
9.0,0.0,2.5047,2.0646
9.0,0.0,2.5034,2.0659
9.0,0.0,2.4971,2.0722
9.0,0.0,2.5048,2.0645
9.0,0.0,2.5055,2.0638
9.0,0.0,2.5043,2.065
9.0,0.0,2.4972,2.0721
9.0,0.0,2.5052,2.0641
9.0,0.0,2.5059,2.0634
9.0,0.0,2.5056,2.0637
9.0,0.0,2.5051,2.0642
9.0,0.0,2.5033,2.066
9.0,0.0,2.5045,2.0647
9.0,0.0,2.5037,2.0655
9.0,0.0,2.5041,2.0651
9.0,0.0,2.5053,2.0639
9.0,0.0,2.5057,2.0635
9.0,0.0,2.5049,2.0643
9.0,0.0,2.506,2.0632
9.0,0.0,2.5248,2.0246
9.0,0.0,2.5689,1.9786
9.0,0.0,2.569,1.9785
9.0,0.0,2.5693,1.9781
9.0,0.0,2.5692,1.9782
9.0,0.0,2.5703,1.9769999999999999
9.0,0.0,2.5696,1.9777
9.0,0.0,2.5253,2.0219
9.0,0.0,2.5255,2.0217
9.0,0.0,2.5252,2.022
9.0,0.0,2.5261,2.0211
9.0,0.0,2.5263,2.0209
9.0,0.0,2.526,2.0212
9.0,0.0,2.5694,1.9778
9.0,0.0,2.5254,2.0218
9.0,0.0,2.525,2.0221
9.0,0.0,2.5265,2.0204
9.0,1.0,1.8796,2.302
9.0,1.0,1.8813,2.3003
9.0,1.0,1.8859,2.2956
9.0,1.0,1.8864,2.295
9.0,1.0,1.8863,2.2951
9.0,1.0,1.9685,2.1424
9.0,1.0,1.9805,2.1292
9.0,1.0,1.9796,2.1297
9.0,1.0,1.9823,2.1264
9.0,1.0,1.9832,2.1219
9.0,1.0,1.9835,2.1208
9.0,1.0,1.9837,2.1192
9.0,1.0,1.9846,2.1163
9.0,1.0,1.9863,2.1124
9.0,1.0,1.9865,2.1108
9.0,1.0,1.9869,2.1078
9.0,1.0,1.9872,2.1052
9.0,1.0,1.9873,2.1032
9.0,1.0,1.9913,2.0881
9.0,1.0,1.9914,2.0863
9.0,1.0,1.9917,2.086
9.0,1.0,1.9917,2.0859
9.0,1.0,1.9914,2.086
9.0,1.0,1.9926,2.0848
9.0,1.0,1.9939,2.081
9.0,1.0,1.9935,2.0813
9.0,1.0,1.9941,2.0806
9.0,1.0,1.9938,2.0808
9.0,1.0,1.9961,2.0764
9.0,1.0,1.9953,2.0772
9.0,1.0,1.9968,2.0753
9.0,1.0,1.9969999999999999,2.0737
